PuzzleId,FEN,Moves,Rating,RatingDeviation,Popularity,NbPlays,Themes,GameUrl,OpeningTags,principal_variation,sparring_full_pv_probs,sparring_full_model_moves,sparring_wdl,branch_1,branch_2,branch_1_probs,branch_2_probs,full_model_moves,full_pv_probs,corrupted_fen
0hgJT,8/b7/P4k2/1N2p3/8/3r3P/R4p1K/8 w - - 0 50,h2g2 d3g3 g2g3 f2f1q,1699,75,81,63,advancedPawn crushing deflection endgame master promotion short,https://lichess.org/XxLEUNXS#98,,"['d3g3', 'g2g3', 'f2f1q']","[0.07357572019100189, 0.8615356683731079, 0.5593894720077515]","['d3d1', 'g2g3', 'f2f1q']","[0.014359734021127224, 0.9778732061386108, 0.007767041679471731]","['d3g3', 'g2g3', 'f2f1q']","['d3d1', 'a2f2', 'a7f2']","[0.3749047517776489, 0.9617508053779602, 0.9642916917800903]","[0.3736875057220459, 0.9487216472625732, 0.9846161007881165]","['d3g3', 'g2g3', 'f2f1q']","[0.3749047517776489, 0.9617508053779602, 0.9642916917800903]",8/b7/P4k2/1N2p3/8/R2r3P/5pK1/8 b - - 1 50
1zJDp,2k2r1r/2p5/5pp1/2pppn2/Q7/4PqB1/PP3P1P/1K1R2R1 b - - 1 27,f5g3 a4a8 c8d7 d1d5,1962,76,95,12191,advantage middlegame queensideAttack short,https://lichess.org/GA8Jc3Qv/black#53,,"['a4a8', 'c8d7', 'd1d5']","[0.1077740266919136, 1.0, 0.04258124157786369]","['g1g3', 'c8d7', 'a8a4']","[0.012248664163053036, 0.9820663928985596, 0.0056848968379199505]","['g1g3', 'f3e4', 'a4e4']","['a4a8', 'c8d7', 'd1d5']","[0.3392634689807892, 0.9276943802833557, 0.9773395657539368]","[0.30147477984428406, 1.0, 0.7932175397872925]","['g1g3', 'f3e4', 'a4e4']","[0.30147477984428406, 1.0, 0.7932175397872925]",2k2r1r/2p5/5pp1/1Rppp3/Q7/4Pqn1/PP3P1P/1K4R1 w - - 0 28
2JetC,r5k1/5p1p/6p1/1B3q2/P2R1n1P/2B2P2/KP3P2/4R3 b - - 0 33,f5b5 d4d8 a8d8 a4b5,1915,75,78,75,advantage endgame short,https://lichess.org/aDeJsYC1/black#65,,"['d4d8', 'a8d8', 'a4b5']","[0.003927054814994335, 0.9542078375816345, 0.8660981059074402]","['d4f4', 'a8d8', 'a4b5']","[0.004065464250743389, 0.9922393560409546, 0.0036951007787138224]","['d4d8', 'a8d8', 'a4b5']","['d4f4', 'a8a4', 'f4a4']","[0.5213490724563599, 0.9653069376945496, 0.9355279803276062]","[0.37743544578552246, 0.9058992266654968, 0.9847314357757568]","['d4d8', 'a8d8', 'a4b5']","[0.5213490724563599, 0.9653069376945496, 0.9355279803276062]",r1k5/5p1p/6p1/1q6/P2R1n1P/2B2P2/KP3P2/4R3 w - - 0 34
3mLih,3Q4/p4ppk/2N1r3/6rp/1P2p2q/7P/P5P1/2R2RK1 w - - 2 32,f1f5 g5g2 g1g2 e6g6,2356,97,90,1181,attraction crushing middlegame sacrifice short,https://lichess.org/MEcrM7n2#62,,"['g5g2', 'g1g2', 'e6g6']","[0.032271627336740494, 0.7729446887969971, 0.4428814947605133]","['g5f5', 'g1g2', 'e6g6']","[0.0027438101824373007, 0.9955427050590515, 0.0017134509980678558]","['e6c6', 'd8g5', 'h4g5']","['g5g2', 'g1g2', 'e6g6']","[0.5575438737869263, 0.7567914128303528, 0.9383856058120728]","[0.30185580253601074, 0.9773067831993103, 0.9368382692337036]","['e6c6', 'd8g5', 'h4g5']","[0.30185580253601074, 0.9773067831993103, 0.9368382692337036]",3Q4/p4ppk/2N1r3/5Rrp/1P2p2q/7P/P5P1/2RK4 b - - 3 32
5MHT9,8/4p3/1p1pPbpk/pPpP1r1p/P1P1KP1P/5PR1/8/4B3 b - - 38 55,f6h4 g3g6 h6g6 e1h4,1010,83,94,258,crushing discoveredAttack endgame short,https://lichess.org/5LkjT71t/black#109,,"['g3g6', 'h6g6', 'e1h4']","[0.017505118623375893, 0.9499063491821289, 0.7765525579452515]","['g3g1', 'h6g6', 'e1h4']","[0.01847837120294571, 0.9530161023139954, 0.028505558148026466]","['g3g6', 'h6g6', 'e1h4']","['g3g1', 'h4e1', 'g1e1']","[0.6266805529594421, 0.8698269724845886, 0.9306050539016724]","[0.3034615218639374, 0.8903855681419373, 0.9735201597213745]","['g3g6', 'h6g6', 'e1h4']","[0.6266805529594421, 0.8698269724845886, 0.9306050539016724]",8/4p3/1p1pP1pk/pPpP1r1p/P1P1KP2/5PR1/8/4Bb2 w - - 0 56
8I4mT,1r3rk1/pb3pQp/1p6/2p1R3/7P/1P6/PBPq1PP1/4R1K1 b - - 0 19,g8g7 e5g5 g7h6 b2g7,1820,75,95,906,middlegame,https://lichess.org/1AMVO10l/black#37,,"['e5g5', 'g7h6', 'b2g7']","[0.12031206488609314, 1.0, 0.541566014289856]","['e1e2', 'g7h6', 'b2g7']","[0.0038786958903074265, 0.9826149940490723, 0.013506287708878517]","['e5g5', 'g7h6', 'b2g7']","['e5d5', 'd2d4', 'b2d4']","[0.455334335565567, 1.0, 0.8661252856254578]","[0.41387954354286194, 0.7251966595649719, 0.745898425579071]","['e5g5', 'g7h6', 'b2g7']","[0.455334335565567, 1.0, 0.8661252856254578]",5r2/pb3pkp/1p6/2p1R3/7P/1Pr5/PBPq1PP1/4R1K1 w - - 0 20
94W88,5qk1/2p3pp/p1Q5/7b/3P4/2P1RN1P/r7/4K3 b - - 1 32,h5f3 c6c4 g8h8 c4a2,2015,77,92,4375,advantage endgame fork short,https://lichess.org/4Bjnl96v/black#63,,"['c6c4', 'g8h8', 'c4a2']","[0.040972236543893814, 0.6797309517860413, 0.7861647009849548]","['e3f3', 'g8h8', 'c4a2']","[0.0014351039426401258, 0.994997501373291, 0.003567360807210207]","['c6c4', 'g8h8', 'c4a2']","['c6e6', 'f8f7', 'e6c8']","[0.45929232239723206, 0.8729127049446106, 0.9274572730064392]","[0.37261781096458435, 0.9552287459373474, 0.7562703490257263]","['c6c4', 'g8h8', 'c4a2']","[0.45929232239723206, 0.8729127049446106, 0.9274572730064392]",5qk1/2p3pp/p1Q5/8/3P4/2P1R2P/r7/4K1b1 w - - 0 33
BXtVX,r1b3Q1/1ppkq2n/1b1pnr2/pP2p3/2B1P3/2P2N2/P4PPP/R1B2RK1 b - - 4 19,e7f7 f3e5 d6e5 f1d1,2172,107,-19,21,advantage middlegame sacrifice short,https://lichess.org/4osQZkmg/black#37,,"['f3e5', 'd6e5', 'f1d1']","[0.01975644752383232, 0.6058650612831116, 0.2841569781303406]","['g8h8', 'd6e5', 'f1d1']","[0.006899034604430199, 0.9745296239852905, 0.018571315333247185]","['c4e6', 'd7e6', 'g8h7']","['f3e5', 'd6e5', 'f1d1']","[0.3428226411342621, 0.792782187461853, 0.8764235973358154]","[0.3426452577114105, 0.9793969392776489, 0.8610974550247192]","['c4e6', 'd7e6', 'g8h7']","[0.3426452577114105, 0.9793969392776489, 0.8610974550247192]",r3b1Q1/1ppk1q1n/1b1pnr2/pP2p3/2B1P3/2P2N2/P4PPP/R1B2RK1 w - - 5 20
C8TuT,r1qr2k1/1b2bp1p/p3p1p1/8/2P3Q1/1P2BP1P/2B3P1/R2R2K1 b - - 0 21,e7c5 d1d8 c8d8 e3c5,1382,75,76,338,crushing middlegame short,https://lichess.org/PGZmx0hL/black#41,,"['d1d8', 'c8d8', 'e3c5']","[0.08056904375553131, 0.7175204753875732, 0.2573596239089966]","['g4g5', 'c8d8', 'g4f4']","[0.020523710176348686, 0.9621405601501465, 0.01733574829995632]","['d1d8', 'c8d8', 'e3c5']","['g4g5', 'c5e3', 'g5e3']","[0.3748007118701935, 0.7346128821372986, 0.9199163913726807]","[0.3634270429611206, 0.7696963548660278, 0.987490713596344]","['d1d8', 'c8d8', 'e3c5']","[0.3748007118701935, 0.7346128821372986, 0.9199163913726807]",r1qr2k1/1b3p1p/p3pKp1/2b5/2P3Q1/1P2BP1P/2B3P1/R2R4 w - - 1 22
CcOcw,1rrk4/pp3Rpp/3p4/3Q4/4n1P1/1Bq1b3/P1P1K2P/1R6 b - - 3 19,c8c5 d5e6 c3d2 e2f1,2233,104,74,23,crushing middlegame short,https://lichess.org/Rcx1R3PY/black#37,Kings_Gambit_Declined Kings_Gambit_Declined_Classical_Variation,"['d5e6', 'c3d2', 'e2f1']","[0.04071643576025963, 0.8192387819290161, 0.6036356687545776]","['f7f8', 'c3d2', 'e2f1']","[0.0029362747445702553, 0.990816593170166, 0.006247139535844326]","['f7f8', 'd8c7', 'f8f7']","['d5e6', 'c3d2', 'e2f1']","[0.3744437098503113, 0.9497671127319336, 0.8044151663780212]","[0.30701059103012085, 0.7776126265525818, 0.9921736717224121]","['f7f8', 'd8c7', 'f8f7']","[0.30701059103012085, 0.7776126265525818, 0.9921736717224121]",1r1k4/pp3Rpp/3p4/2rQ4/4n1PR/1Bq1b3/P1P1K2P/8 w - - 4 20
DhiUK,8/4q1kp/p2r2p1/1p6/4p1n1/1B2Q3/PPP3PP/2K1R3 w - - 2 30,e3e4 d6d1 c1d1 g4f2,1712,75,61,243,advantage attraction endgame sacrifice short,https://lichess.org/oOQnHZjJ#58,,"['d6d1', 'c1d1', 'g4f2']","[0.0019660836551338434, 0.9952812790870667, 0.016711024567484856]","['e7e4', 'c1d1', 'e7d6']","[0.035559382289648056, 0.7690417766571045, 0.19539885222911835]","['e7e4', 'e1e4', 'g4h2']","['d6d1', 'c1d1', 'g4f2']","[0.47762417793273926, 0.9517678618431091, 0.8234795331954956]","[0.3154844045639038, 0.7164387106895447, 0.9270655512809753]","['e7e4', 'e1e4', 'g4h2']","[0.3154844045639038, 0.7164387106895447, 0.9270655512809753]",8/4q1kp/p1nr2p1/1p6/4Q3/1B6/PPP3PP/2K1R3 b - - 0 30
DofbK,8/5p1k/p4Pnp/1P4p1/P4b2/8/2P5/1K2R3 b - - 0 40,f4d2 b5a6 d2e1 a6a7,2158,77,93,4194,advancedPawn crushing endgame sacrifice short,https://lichess.org/DSWWGhlG/black#79,,"['b5a6', 'd2e1', 'a6a7']","[0.009901066310703754, 0.6303796768188477, 0.332395076751709]","['e1e2', 'd2e1', 'a6a7']","[0.00497024692595005, 0.9893697500228882, 0.0056599886156618595]","['b5a6', 'd2e1', 'a6a7']","['e1e7', 'a6b5', 'e7f7']","[0.4101238548755646, 0.8047596216201782, 0.9779903888702393]","[0.3169877231121063, 0.8151742219924927, 0.8674129247665405]","['b5a6', 'd2e1', 'a6a7']","[0.4101238548755646, 0.8047596216201782, 0.9779903888702393]",2n5/5p1k/p4P1p/1P4p1/P7/8/2Pb4/1K2R3 w - - 1 41
Hvqj4,r2qk2r/pQpn1p2/4p1p1/3pP2p/4n1bP/1B6/PPP2PP1/RNB1R1K1 b kq - 0 16,d8h4 b7a8 e8e7 a8a7,2651,101,92,674,crushing hangingPiece middlegame short,https://lichess.org/Hcc3ZH1x/black#31,Pirc_Defense Pirc_Defense_Other_variations,"['b7a8', 'e8e7', 'a8a7']","[0.09439904987812042, 0.9177267551422119, 0.6687068939208984]","['e1e4', 'e8e7', 'a8a7']","[0.0047768461517989635, 0.9844352602958679, 0.010787866078317165]","['e1e4', 'a8b8', 'b7c7']","['b7a8', 'e8e7', 'a8a7']","[0.47316256165504456, 0.8909724354743958, 0.7153646945953369]","[0.4700026214122772, 0.9409409165382385, 0.816142201423645]","['e1e4', 'a8b8', 'b7c7']","[0.4700026214122772, 0.9409409165382385, 0.816142201423645]",r3k2r/pQp2p2/4p1p1/3pP2p/4n1bq/1B6/PPP2PP1/RNB1RnK1 w kq - 0 17
IpzPZ,r3k1r1/P1Qp1p1p/p1b1pp2/4n2q/4P3/1NN5/PP3PP1/R4KR1 b q - 0 18,e5f3 c7b8 e8e7 b8b4,2118,76,76,102,crushing middlegame short,https://lichess.org/Tb3DV4xT/black#35,Sicilian_Defense Sicilian_Defense_Kan_Variation,"['c7b8', 'e8e7', 'b8b4']","[0.15317997336387634, 0.9778020977973938, 0.6780598163604736]","['c7b8', 'e8e7', 'b8b4']","[0.005460407119244337, 0.9797321557998657, 0.014807417057454586]","['c7b8', 'e8e7', 'b8b4']","['g2f3', 'c6b5', 'c3e2']","[0.5050723552703857, 0.966442883014679, 0.8590155243873596]","[0.33623459935188293, 0.7107772827148438, 0.7283514738082886]","['c7b8', 'e8e7', 'b8b4']","[0.5050723552703857, 0.966442883014679, 0.8590155243873596]",r3k1r1/P1Qp1p1p/p1b1pp2/8/4P3/1NN2n2/PP3PPq/R4KR1 w q - 1 19
JKxFK,8/6k1/7p/R1p2r2/1p2K3/1P1P3P/8/8 b - - 1 44,g7g6 a5a6 g6g5 h3h4,1186,77,88,532,crushing endgame rookEndgame short,https://lichess.org/L5nfIwQp/black#87,,"['a5a6', 'g6g5', 'h3h4']","[0.12546584010124207, 0.6773272752761841, 0.20856662094593048]","['a5b5', 'g6g5', 'h3h4']","[0.019513795152306557, 0.9696580767631531, 0.010828093625605106]","['a5a6', 'g6g5', 'h3h4']","['d3d4', 'f5h5', 'd4c5']","[0.5332709550857544, 0.7611835598945618, 0.7634559869766235]","[0.35954198241233826, 0.9141342639923096, 0.8266773819923401]","['a5a6', 'g6g5', 'h3h4']","[0.5332709550857544, 0.7611835598945618, 0.7634559869766235]",8/8/6kp/R1p5/1p2K3/1P1P3P/2r5/8 w - - 2 45
KAqBP,2r2r1k/1p1qb2p/p1n1R1p1/3pP3/3P2Q1/4P2P/PP2N1P1/R5K1 b - - 2 21,c6d8 e6e7 d7e7 g4c8,1220,77,60,113,advantage deflection discoveredAttack middlegame short skewer,https://lichess.org/HTrrahyp/black#41,,"['e6e7', 'd7e7', 'g4c8']","[0.11804300546646118, 0.6150171756744385, 0.8538318872451782]","['e6e7', 'd7e7', 'g4c8']","[0.04755060747265816, 0.6161946654319763, 0.33625471591949463]","['e6g6', 'd7g4', 'g6g4']","['e6e7', 'd7e7', 'g4c8']","[0.4295273721218109, 0.7221692800521851, 0.9348732233047485]","[0.36519768834114075, 0.7708955407142639, 0.9052539467811584]","['e6g6', 'd7g4', 'g6g4']","[0.36519768834114075, 0.7708955407142639, 0.9052539467811584]",2rn1r1k/1p1qb2p/p3R1p1/3pP3/3P2Q1/3KP2P/PP2N1P1/R7 w - - 3 22
MMxqC,r4k2/p2b1P1Q/4p3/npp1P1q1/3p4/1B1P3P/PPP3K1/2R2R2 w - - 1 26,g2f2 g5e3 f2g2 d7c6,1820,75,88,211,crushing middlegame short,https://lichess.org/QTsb7GZK#50,,"['g5e3', 'f2g2', 'd7c6']","[0.08095093816518784, 1.0, 0.12891770899295807]","['f8e7', 'f2g2', 'e3g5']","[0.0011343660298734903, 0.9963966012001038, 0.0024690371938049793]","['g5e3', 'f2g2', 'd7c6']","['g5f4', 'f2e2', 'f4e5']","[0.5444674491882324, 1.0, 0.7560239434242249]","[0.30479076504707336, 0.819608747959137, 0.831165611743927]","['g5e3', 'f2g2', 'd7c6']","[0.5444674491882324, 1.0, 0.7560239434242249]",r4k2/p4P1Q/4p3/npp1P1q1/b2p4/1B1P3P/PPP2K2/2R2R2 b - - 2 26
OG6mG,6k1/5pp1/2Q4p/p1n1p3/P3n3/3NN3/2Pq1PPP/5K2 b - - 3 28,c5d3 c6a8 g8h7 a8e4,2019,75,91,2920,crushing endgame fork short,https://lichess.org/U4tgbink/black#55,,"['c6a8', 'g8h7', 'a8e4']","[0.031091555953025818, 1.0, 0.9625551104545593]","['c6c8', 'g8h7', 'a8e4']","[0.0003914457047358155, 0.9986660480499268, 0.0009425703319720924]","['c6c8', 'g8h7', 'c8f5']","['c6a8', 'g8h7', 'a8e4']","[0.48634281754493713, 1.0, 0.9290200471878052]","[0.44601061940193176, 1.0, 0.9113404154777527]","['c6c8', 'g8h7', 'c8f5']","[0.44601061940193176, 1.0, 0.9113404154777527]",6k1/3n1pp1/2Q4p/p3p3/P7/3nN3/2Pq1PPP/5K2 w - - 0 29
OHz0l,r1bQ4/1p3ppk/2p2n2/p4Pqp/4p3/P1N4P/1P4PK/4RR2 w - - 1 25,c3e4 f6g4 h3g4 g5d8,2190,77,92,4512,crushing discoveredAttack master middlegame short,https://lichess.org/rDRwRGer#48,,"['f6g4', 'h3g4', 'g5d8']","[0.08338063955307007, 0.5969682931900024, 0.7857432961463928]","['g5h4', 'h3g4', 'g5d8']","[0.025050051510334015, 0.6955949664115906, 0.2793550193309784]","['f6g4', 'h3g4', 'g5d8']","['f6e4', 'd8g5', 'e4g5']","[0.496305912733078, 0.7851802110671997, 0.9463493227958679]","[0.45594727993011475, 0.8881924152374268, 0.939464271068573]","['f6g4', 'h3g4', 'g5d8']","[0.496305912733078, 0.7851802110671997, 0.9463493227958679]",r1b5/1p3ppk/2p2n2/p4Pqp/4NQ2/P6P/1P4PK/4RR2 b - - 0 25
OTXjy,r4r2/pppk1pQ1/5R2/4q1B1/1n1b4/2N4P/PP4PK/7R w - - 0 27,g5f4 e5f6 g7g4 f6e6,2081,79,90,2137,advantage middlegame short,https://lichess.org/ybT2jumh#52,,"['e5f6', 'g7g4', 'f6e6']","[0.02609802968800068, 0.608194887638092, 0.1293722540140152]","['f8g8', 'g7g4', 'd7e8']","[0.015601595863699913, 0.9259262084960938, 0.05847218632698059]","['e5f6', 'g7g4', 'f6e6']","['e5f4', 'f6f4', 'd4g7']","[0.5915229916572571, 0.7581354379653931, 0.9526195526123047]","[0.3281731903553009, 0.98421311378479, 0.915635347366333]","['e5f6', 'g7g4', 'f6e6']","[0.5915229916572571, 0.7581354379653931, 0.9526195526123047]",r4r2/pppk1pQ1/5R2/4q3/1n1b1B2/2NR3P/PP4PK/8 b - - 1 27
PKrMW,r4r1k/p1p2pp1/3b3q/3p4/6b1/3BPN2/P1QN1PPP/R4RK1 w - - 3 19,c2c6 d6h2 f3h2 h6c6,1859,104,85,21,advantage discoveredAttack middlegame short,https://lichess.org/OvE4JSiA#36,Queens_Pawn_Game Queens_Pawn_Game_Mason_Variation,"['d6h2', 'f3h2', 'h6c6']","[0.09498266130685806, 0.786605715751648, 0.345505952835083]","['d6h2', 'f3h2', 'h6c6']","[0.004912740550935268, 0.9718325734138489, 0.023254740983247757]","['g4f3', 'g2g3', 'f3g4']","['d6h2', 'f3h2', 'h6c6']","[0.49178194999694824, 0.7554928660392761, 0.806786835193634]","[0.4540117084980011, 0.9911575317382812, 0.9197737574577332]","['g4f3', 'g2g3', 'f3g4']","[0.4540117084980011, 0.9911575317382812, 0.9197737574577332]",r4r1k/p1p2pp1/2Qb3q/2Rp4/6b1/3BPN2/P2N1PPP/5RK1 b - - 4 19
Q1rVf,1kr5/p1pQR2R/1p1n4/8/8/2P4P/1q3PP1/6K1 w - - 0 30,d7d6 b2a1 g1h2 c7d6,2134,76,90,1041,advantage endgame intermezzo short,https://lichess.org/Kw3b4EjF#58,,"['b2a1', 'g1h2', 'c7d6']","[0.04031398519873619, 0.9738928079605103, 0.12494153529405594]","['c7d6', 'g1h2', 'a1c3']","[0.0058187758550047874, 0.9549106359481812, 0.03927060216665268]","['b2a1', 'g1h2', 'c7d6']","['b2b1', 'g1h2', 'b1h7']","[0.5441545844078064, 0.9546276330947876, 0.9328570365905762]","[0.3425973355770111, 0.9851648807525635, 0.8768752813339233]","['b2a1', 'g1h2', 'c7d6']","[0.5441545844078064, 0.9546276330947876, 0.9328570365905762]",1k6/p1p1Rr1R/1p1Q4/8/8/2P4P/1q3PP1/6K1 b - - 0 30
QDLvK,1r3rk1/5ppp/8/1qppPp2/p2P4/1P4R1/P2Q2PP/R6K b - - 1 23,a4b3 d2h6 g7g6 g3h3,2186,78,87,248,crushing endgame master pin short,https://lichess.org/juOvtagb/black#45,,"['d2h6', 'g7g6', 'g3h3']","[0.13527102768421173, 0.852733850479126, 0.3156801462173462]","['g3b3', 'g7g6', 'g3h3']","[0.0030407493468374014, 0.9904208183288574, 0.006538379937410355]","['g3g7', 'g8g7', 'd2g5']","['d2h6', 'g7g6', 'g3h3']","[0.47047558426856995, 0.86530601978302, 0.9315834641456604]","[0.332432359457016, 0.8045300841331482, 0.7352442741394043]","['g3g7', 'g8g7', 'd2g5']","[0.332432359457016, 0.8045300841331482, 0.7352442741394043]",1r4k1/5ppp/8/1qppPp2/3Pr3/1p4R1/P2Q2PP/R6K w - - 0 24
R3kqA,8/p3q2p/2p3k1/2P1r1p1/4N3/7r/PQ4K1/1R2R3 b - - 4 35,e5e4 e1e4 e7e4 g2h3,2110,77,87,686,advantage endgame short,https://lichess.org/E9oQXPqX/black#69,,"['e1e4', 'e7e4', 'g2h3']","[0.09639563411474228, 0.9279646277427673, 0.7155495882034302]","['g2h3', 'e7e4', 'g2h3']","[0.0058823577128350735, 0.9803069233894348, 0.013810706324875355]","['b2c2', 'h3h4', 'b1b4']","['e1e4', 'e7e4', 'g2h3']","[0.39287811517715454, 0.9123521447181702, 0.7070100903511047]","[0.3440788984298706, 0.8274182677268982, 0.98745197057724]","['b2c2', 'h3h4', 'b1b4']","[0.3440788984298706, 0.8274182677268982, 0.98745197057724]",5q2/p6p/2p3k1/2P3p1/4r3/7r/PQ4K1/1R2R3 w - - 0 36
RK2tO,r5k1/5ppp/1pN5/1P6/2P5/3rB3/p4PPP/R5K1 w - - 2 27,c6b4 d3d1 a1d1 a2a1q,929,75,95,1534,advancedPawn advantage endgame promotion short,https://lichess.org/zEPawwaH#52,,"['d3d1', 'a1d1', 'a2a1q']","[0.017941642552614212, 1.0, 0.31267836689949036]","['d3b3', 'a1d1', 'a2a1q']","[0.0032137837260961533, 0.9909991025924683, 0.005787081550806761]","['d3d1', 'a1d1', 'a2a1q']","['d3b3', 'b4a2', 'a8a2']","[0.44722557067871094, 1.0, 0.9282237887382507]","[0.42940694093704224, 0.9300541877746582, 0.7592727541923523]","['d3d1', 'a1d1', 'a2a1q']","[0.44722557067871094, 1.0, 0.9282237887382507]",6k1/5ppp/1p6/1P5r/1NP5/3rB3/p4PPP/R5K1 b - - 3 27
RlZcx,5r1k/7N/3pp1r1/p4p2/1p2bP1R/1P6/P1P5/2K1R3 b - - 0 34,f8g8 h7f8 h8g7 f8g6,2103,78,83,213,advantage discoveredAttack endgame short,https://lichess.org/zEG8u7i6/black#67,,"['h7f8', 'h8g7', 'f8g6']","[0.12437082827091217, 0.970488429069519, 0.8406198024749756]","['h7g5', 'h8g7', 'f8g6']","[0.004037439823150635, 0.9904623627662659, 0.005500196944922209]","['h7f6', 'h8g7', 'f6g8']","['h7f8', 'h8g7', 'f8g6']","[0.5050615072250366, 0.9919376969337463, 0.8337356448173523]","[0.31024789810180664, 0.8027468323707581, 0.9338874816894531]","['h7f6', 'h8g7', 'f6g8']","[0.31024789810180664, 0.8027468323707581, 0.9338874816894531]",6rk/7N/3pp1rp/p4p2/1p2bP1R/1P6/P1P5/2K1R3 w - - 1 35
SFvTF,r1q3k1/1Q2bpp1/P6p/4p3/2P1Pn2/4BNP1/5PKP/R7 w - - 5 29,g2f1 c8b7 a6b7 a8a1,2300,76,91,485,advantage middlegame short,https://lichess.org/zlhmn6Zn#56,,"['c8b7', 'a6b7', 'a8a1']","[0.006280872505158186, 0.8435127139091492, 0.12198866158723831]","['c8c4', 'a6b7', 'a8a1']","[0.010561653412878513, 0.9445526599884033, 0.044885750859975815]","['c8b7', 'a6b7', 'a8a1']","['c8h3', 'f1e1', 'e7b4']","[0.5455363988876343, 0.8931075930595398, 0.9243866205215454]","[0.366759330034256, 0.9947355389595032, 0.7201533317565918]","['c8b7', 'a6b7', 'a8a1']","[0.5455363988876343, 0.8931075930595398, 0.9243866205215454]",r1q3k1/1Q2bpp1/P6p/4p3/n1P1P3/4BNP1/5P1P/R4K2 b - - 6 29
SYsZk,7k/1b1p1p2/p4q1p/1p1pNPr1/1P1P1Q2/P1r4P/5P1K/3R1R2 w - - 3 31,f4h4 g5g2 h2g2 f6h4,1112,78,89,814,crushing discoveredAttack middlegame short,https://lichess.org/hz9wWkUo#60,,"['g5g2', 'h2g2', 'f6h4']","[0.024190645664930344, 0.8939443230628967, 0.6777297854423523]","['h8g7', 'h2g2', 'f6h4']","[0.005275818519294262, 0.9873517751693726, 0.00737243564799428]","['g5g2', 'h2g2', 'f6h4']","['g5f5', 'h4f6', 'f5f6']","[0.39677807688713074, 0.8405460119247437, 0.9388594627380371]","[0.3339295983314514, 0.8894286155700684, 0.9900434017181396]","['g5g2', 'h2g2', 'f6h4']","[0.39677807688713074, 0.8405460119247437, 0.9388594627380371]",7k/1b1p1p2/p4q1p/1p1pNPr1/1P1P3Q/P1r4P/1K3P2/3R1R2 b - - 4 31
SknMr,r4rk1/pp4pp/3bR3/3p4/3n4/3BBN2/Pq1Q1KPP/R7 b - - 1 18,b2a1 d3h7 g8h7 e3d4,2381,83,89,590,advantage kingsideAttack middlegame short,https://lichess.org/rBulDXGE/black#35,French_Defense French_Defense_Tarrasch_Variation,"['d3h7', 'g8h7', 'e3d4']","[0.026291651651263237, 0.5892304182052612, 0.34700143337249756]","['e6d6', 'g8h7', 'e3d4']","[0.0034251422621309757, 0.989930272102356, 0.006644603796303272]","['d3h7', 'g8h7', 'e3d4']","['e6d6', 'd4f3', 'g2f3']","[0.5730398893356323, 0.9552467465400696, 0.930753767490387]","[0.35337764024734497, 0.7990843057632446, 0.8714746832847595]","['d3h7', 'g8h7', 'e3d4']","[0.5730398893356323, 0.9552467465400696, 0.930753767490387]",r5k1/pp4pp/3bR3/3p4/r2n4/3BBN2/P2Q1KPP/q7 w - - 0 19
Xfepi,1kr5/1p2pp2/p2p3p/2nP2p1/2R1P1P1/1Pp2P2/6BP/5RK1 w - - 3 30,b3b4 c5b3 c4c8 b8c8,2127,93,74,22,advantage endgame quietMove short,https://lichess.org/xuGULRJj#58,,"['c5b3', 'c4c8', 'b8c8']","[0.03839344531297684, 0.97516930103302, 0.7499618530273438]","['c5a4', 'c4c8', 'b8c8']","[0.010932784527540207, 0.9586986303329468, 0.030368607491254807]","['c5d3', 'c4d4', 'd3f4']","['c5b3', 'c4c8', 'b8c8']","[0.5627853274345398, 0.7403101325035095, 0.8605507016181946]","[0.38291046023368835, 0.9585764408111572, 0.9844543933868408]","['c5d3', 'c4d4', 'd3f4']","[0.38291046023368835, 0.9585764408111572, 0.9844543933868408]",1kr5/1p2pp2/p2p2Pp/2nP2p1/1PR1P1P1/2p2P2/6BP/5RK1 b - - 0 30
atfdw,r4r2/pp2R1k1/3p1np1/3P3p/1nP5/1P4P1/PB5P/R5K1 b - - 2 24,f8f7 e7f7 g7f7 a1f1,1935,75,95,6719,advantage middlegame short,https://lichess.org/Oj6wPxTS/black#47,,"['e7f7', 'g7f7', 'a1f1']","[0.0529925599694252, 0.5893811583518982, 0.8803547620773315]","['a1f1', 'g7f7', 'a1f1']","[0.0022280735429376364, 0.9946063160896301, 0.0031655775383114815]","['b2f6', 'g7f6', 'e7e6']","['e7f7', 'g7f7', 'a1f1']","[0.32239899039268494, 0.7883933186531067, 0.7212573885917664]","[0.30003005266189575, 0.9578473567962646, 0.9505410194396973]","['b2f6', 'g7f6', 'e7e6']","[0.30003005266189575, 0.9578473567962646, 0.9505410194396973]",r7/pp2Rrk1/3p1npn/3P3p/2P5/1P4P1/PB5P/R5K1 w - - 3 25
bJIOM,r4rk1/ppp3p1/2n1N2p/2bpPn2/5B1q/2P5/PPQ3PP/RN3R1K w - - 2 16,e6c5 f5g3 h1g1 g3f1,1928,82,79,38,crushing kingsideAttack middlegame pin short,https://lichess.org/Gw4IA3Zp#30,Kings_Gambit_Accepted Kings_Gambit_Accepted_MacLeod_Defense,"['f5g3', 'h1g1', 'g3f1']","[0.0459011048078537, 0.7870166301727295, 0.725791871547699]","['f5d4', 'h1g1', 'g3f1']","[0.012194798327982426, 0.9397590756416321, 0.04804614558815956]","['f5e3', 'c2f2', 'h4f2']","['f5g3', 'h1g1', 'g3f1']","[0.47840452194213867, 0.8402711749076843, 0.7148142457008362]","[0.416368305683136, 0.9299206733703613, 0.8242797255516052]","['f5e3', 'c2f2', 'h4f2']","[0.416368305683136, 0.9299206733703613, 0.8242797255516052]",r4rk1/ppp3p1/2n4p/2NpPn2/5B1q/2P5/PPQ2RPP/RN5K b - - 0 16
bndjD,r4rk1/pppn2pp/3p1p2/2q5/3nPRN1/2NP3P/PPPQ2P1/5RK1 w - - 4 18,a2a3 d4f3 g1h1 f3d2,1142,76,96,7579,crushing doubleCheck middlegame short,https://lichess.org/8vhauT7O#34,Three_Knights_Opening Three_Knights_Opening_Other_variations,"['d4f3', 'g1h1', 'f3d2']","[0.04732189327478409, 1.0, 0.9446665644645691]","['c7c6', 'g1h1', 'f3d2']","[0.011918832547962666, 0.9725558161735535, 0.015525339171290398]","['d4f3', 'g1h1', 'f3d2']","['d4e2', 'g1h2', 'e2f4']","[0.5408507585525513, 1.0, 0.9140672087669373]","[0.36256805062294006, 0.8475687503814697, 0.902640163898468]","['d4f3', 'g1h1', 'f3d2']","[0.5408507585525513, 1.0, 0.9140672087669373]",r4rk1/pppn2pp/3p1p2/2q5/3nPRN1/P1NP3P/1PP2QP1/5RK1 b - - 0 18
bpoPm,r1b2rk1/ppb1qp1p/4pp2/3pP3/8/2PB3N/PP4PP/R2Q1RK1 b - - 0 15,c7e5 d1g4 g8h8 g4h4,2576,88,83,92,crushing middlegame short,https://lichess.org/nYdmIqRG/black#29,Queens_Pawn_Game Queens_Pawn_Game_Other_variations,"['d1g4', 'g8h8', 'g4h4']","[0.17203651368618011, 1.0, 0.511067271232605]","['d1h5', 'g8h8', 'g4h4']","[0.006499444134533405, 0.98539137840271, 0.00810923334211111]","['d1g4', 'g8h8', 'g4h4']","['d3h7', 'g8h7', 'd1h5']","[0.48194634914398193, 1.0, 0.7072707414627075]","[0.404390811920166, 0.7672637104988098, 0.9289261102676392]","['d1g4', 'g8h8', 'g4h4']","[0.48194634914398193, 1.0, 0.7072707414627075]",r4rkb/pp2qp1p/4pp2/3pb3/8/2PB3N/PP4PP/R2Q1RK1 w - - 0 16
dnQCG,3rr1k1/p5p1/bp2PP1p/3p4/2P1qP2/P1Q4P/1B6/2R2RK1 b - - 0 25,e8e6 f6f7 g8f7 c3g7,1392,77,85,661,advancedPawn attraction crushing discoveredAttack kingsideAttack middlegame short,https://lichess.org/rSNxpjHm/black#49,,"['f6f7', 'g8f7', 'c3g7']","[0.038790810853242874, 0.9125626683235168, 0.16929426789283752]","['f1e1', 'g8f7', 'f4f5']","[0.006193784065544605, 0.9897790551185608, 0.004027186892926693]","['c3g3', 'e4e3', 'g3e3']","['f6f7', 'g8f7', 'c3g7']","[0.4246353805065155, 0.8887990117073059, 0.9476217031478882]","[0.33210423588752747, 0.9304256439208984, 0.8862756490707397]","['c3g3', 'e4e3', 'g3e3']","[0.33210423588752747, 0.9304256439208984, 0.8862756490707397]",3r2k1/p5p1/bp2rP1p/3pp3/2P1qP2/P1Q4P/1B6/2R2RK1 w - - 0 26
fLnuv,r1b3k1/1pp2p1p/p2n1qpB/3Pr3/3Q4/P7/1PB2PPP/R4RK1 w - - 2 20,f1e1 e5e1 a1e1 f6d4,929,78,83,136,crushing discoveredAttack kingsideAttack middlegame short,https://lichess.org/jQmyLFtN#38,,"['e5e1', 'a1e1', 'f6d4']","[0.06605943292379379, 1.0, 0.7572968006134033]","['d6f5', 'a1e1', 'f6d4']","[0.03302721306681633, 0.4734247028827667, 0.49354809522628784]","['e5e1', 'a1e1', 'f6d4']","['e5e6', 'd4f6', 'e6f6']","[0.4884013533592224, 1.0, 0.9288020133972168]","[0.3306112587451935, 0.8000782132148743, 0.9135230183601379]","['e5e1', 'a1e1', 'f6d4']","[0.4884013533592224, 1.0, 0.9288020133972168]",rqb3k1/1pp2p1p/p2n2pB/3Pr3/3Q4/P7/1PB2PPP/R3R1K1 b - - 3 20
iEmPE,4nrk1/5pb1/6p1/p1R1p1Np/P1Q1P1qP/1P6/3r1BP1/4R1K1 w - - 5 29,c5c8 d2f2 g1f2 g4h4,1890,74,91,3030,attraction capturingDefender crushing kingsideAttack master masterVsMaster middlegame short,https://lichess.org/MpX4XlXi#56,,"['d2f2', 'g1f2', 'g4h4']","[0.030509671196341515, 0.5291188359260559, 0.3772166967391968]","['e8d6', 'g1f2', 'g4h4']","[0.004816417116671801, 0.9884235262870789, 0.006760106422007084]","['d2f2', 'g1f2', 'g4h4']","['e8d6', 'c8f8', 'g7f8']","[0.3577621579170227, 0.9149465560913086, 0.8690433502197266]","[0.32401740550994873, 0.7712327241897583, 0.961213231086731]","['d2f2', 'g1f2', 'g4h4']","[0.3577621579170227, 0.9149465560913086, 0.8690433502197266]",2R1nrk1/5pb1/6p1/p3p1Np/PqQ1P2P/1P6/3r1BP1/4R1K1 b - - 6 29
inahM,8/p1k5/1pPb3p/1P2p1p1/6P1/P1R1Br1P/8/6K1 b - - 2 30,f3h3 e3b6 c7b6 c3h3,1272,76,93,4147,crushing discoveredAttack endgame short,https://lichess.org/8DJWwnPl/black#59,,"['e3b6', 'c7b6', 'c3h3']","[0.0018999336753040552, 0.589676022529602, 0.8722498416900635]","['g1g2', 'c7b6', 'c3h3']","[0.005488881375640631, 0.9828665852546692, 0.011644500307738781]","['e3b6', 'c7b6', 'c3h3']","['g1g2', 'h3h4', 'c3c4']","[0.34841758012771606, 0.8881420493125916, 0.9565909504890442]","[0.3299233317375183, 0.9395239353179932, 0.7538635730743408]","['e3b6', 'c7b6', 'c3h3']","[0.34841758012771606, 0.8881420493125916, 0.9565909504890442]",8/p7/1pPb3p/1P2p1p1/4k1P1/P1R1B2r/8/6K1 w - - 0 31
kYRj0,5rk1/pp1b2pp/4p3/4P3/6P1/P3K3/1P2Br1P/2R4R w - - 2 23,h1f1 f2e2 e3e2 d7b5,1477,76,96,15819,attraction crushing endgame sacrifice short,https://lichess.org/Bfp7Qbuo#44,,"['f2e2', 'e3e2', 'd7b5']","[0.0430569052696228, 0.8504365086555481, 0.41336968541145325]","['f2f1', 'e3e2', 'd7b5']","[0.010314292274415493, 0.9597786068916321, 0.029907122254371643]","['f2h2', 'f1f8', 'g8f8']","['f2e2', 'e3e2', 'd7b5']","[0.41862577199935913, 0.735204815864563, 1.0]","[0.37819960713386536, 0.9279858469963074, 0.9379496574401855]","['f2h2', 'f1f8', 'g8f8']","[0.37819960713386536, 0.9279858469963074, 0.9379496574401855]",b4rk1/pp4pp/4p3/4P3/6P1/P3K3/1P2Br1P/2R2R2 b - - 3 23
mjqA5,8/pp4pk/7p/2P2p2/7r/1P1Q1P1q/P4P1P/4R1K1 w - - 0 37,e1e7 h4g4 f3g4 h3d3,1831,78,84,54,advantage endgame short,https://lichess.org/tTMlA8w7#72,,"['h4g4', 'f3g4', 'h3d3']","[0.003369503654539585, 0.5017414093017578, 0.8404753804206848]","['h3h2', 'f3g4', 'h3d3']","[0.011640637181699276, 0.984257698059082, 0.004101709462702274]","['h4h5', 'e7g7', 'h7g7']","['h4g4', 'f3g4', 'h3d3']","[0.3983548879623413, 0.9233232736587524, 0.9779872298240662]","[0.39650431275367737, 0.9774789214134216, 0.962440013885498]","['h4h5', 'e7g7', 'h7g7']","[0.39650431275367737, 0.9774789214134216, 0.962440013885498]",4K3/pp2R1pk/7p/2P2p2/7r/1P1Q1P1q/P4P1P/8 b - - 1 37
nGHx9,1q3rk1/4ppb1/p6B/2pPp2Q/4B3/6P1/P6P/6K1 b - - 2 30,f7f5 h5g6 f8f7 e4f5,2113,76,84,78,crushing endgame short,https://lichess.org/I9tgXRkW/black#59,,"['h5g6', 'f8f7', 'e4f5']","[0.05623572692275047, 0.9018425941467285, 0.444870263338089]","['e4f5', 'f8f7', 'e4f5']","[0.001616158289834857, 0.9937600493431091, 0.00462376931682229]","['h6g7', 'g8g7', 'h5g5']","['h5g6', 'f8f7', 'e4f5']","[0.37997955083847046, 0.7180079221725464, 0.7811971306800842]","[0.3797065019607544, 0.8948320150375366, 0.8817124962806702]","['h6g7', 'g8g7', 'h5g5']","[0.3797065019607544, 0.8948320150375366, 0.8817124962806702]",1q3rk1/4p1b1/p3K2B/2pPpp1Q/4B3/6P1/P6P/8 w - - 0 31
owQuJ,8/2p5/1p1k4/1P1p2p1/1K1P1p1p/2P2P1P/6P1/8 b - - 3 46,c7c5 d4c5 b6c5 b4a5,1086,76,89,219,crushing defensiveMove endgame pawnEndgame short,https://lichess.org/cQiHEFe8/black#91,,"['d4c5', 'b6c5', 'b4a5']","[0.003125609364360571, 0.8376783132553101, 0.2610117793083191]","['b4a4', 'b6c5', 'b4b3']","[0.019044432789087296, 0.9636494517326355, 0.017306124791502953]","['d4c5', 'b6c5', 'b4a5']","['b5c6', 'd6c6', 'b4a4']","[0.4003605544567108, 0.9368863701820374, 0.835411548614502]","[0.30178362131118774, 0.9173632264137268, 0.7492077946662903]","['d4c5', 'b6c5', 'b4a5']","[0.4003605544567108, 0.9368863701820374, 0.835411548614502]",8/8/1p1k4/1Ppp2p1/1K1P1p1p/2Pp1P1P/6P1/8 w - c6 0 47
ozSHX,5rk1/1p3ppp/1q6/4p3/p1B1P3/QbR4P/1P3PP1/6K1 b - - 1 26,f8c8 c4f7 g8f7 c3c8,1014,85,92,2211,crushing discoveredAttack endgame short,https://lichess.org/7bp5TZWW/black#51,,"['c4f7', 'g8f7', 'c3c8']","[0.06320909410715103, 0.814850389957428, 0.5954867601394653]","['c4b3', 'g8f7', 'c3c8']","[0.00240261759608984, 0.9929013848304749, 0.004695983603596687]","['c4f7', 'g8f7', 'c3c8']","['a3e7', 'b3c4', 'c3c4']","[0.45913681387901306, 0.8091549277305603, 0.9414575695991516]","[0.3052068054676056, 0.8778769969940186, 0.9372028112411499]","['c4f7', 'g8f7', 'c3c8']","[0.45913681387901306, 0.8091549277305603, 0.9414575695991516]",2r3k1/1p3ppp/1q6/4p3/p1B1P3/Qb3R1P/1P3PP1/6K1 w - - 2 27
rOxNu,2r4k/4npp1/q7/3pP1P1/bB1P4/5Q1P/4rP2/RN3K1R w - - 0 34,b4e7 e2e3 f1g2 e3f3,1410,74,93,5103,crushing discoveredAttack middlegame short,https://lichess.org/nTCIe0HL#66,,"['e2e3', 'f1g2', 'e3f3']","[0.07974478602409363, 0.8536320328712463, 0.8665737509727478]","['c8c1', 'f1g2', 'e3f3']","[0.009600910358130932, 0.9814436435699463, 0.00895544420927763]","['e2e3', 'f1g2', 'e3f3']","['e2a2', 'f1g2', 'a2a1']","[0.46627241373062134, 0.9388536810874939, 0.8957333564758301]","[0.3198559582233429, 0.9706860780715942, 0.9017107486724854]","['e2e3', 'f1g2', 'e3f3']","[0.46627241373062134, 0.9388536810874939, 0.8957333564758301]",R1r4k/4Bpp1/q7/3pP1P1/b2P4/5Q1P/4rP2/RN3K2 b - - 0 34
rQOEN,8/bB2r2k/P5pp/8/6P1/4n1K1/2R1p1P1/4B3 w - - 11 52,c2e2 e3f1 g3f3 f1h2,1917,75,81,60,crushing endgame short,https://lichess.org/gzhNyHek#102,,"['e3f1', 'g3f3', 'f1h2']","[0.08094143122434616, 0.8126621842384338, 0.12179768085479736]","['a7b8', 'g3f3', 'e7f7']","[0.00978760328143835, 0.9510952830314636, 0.03911710903048515]","['e3f1', 'g3f3', 'f1h2']","['e3f5', 'g4f5', 'e7e2']","[0.5470782518386841, 0.8493366241455078, 0.9210137724876404]","[0.32109376788139343, 0.9576224684715271, 0.9421606063842773]","['e3f1', 'g3f3', 'f1h2']","[0.5470782518386841, 0.8493366241455078, 0.9210137724876404]",8/bB2r2k/P5pp/8/6P1/4n1K1/5RP1/4B3 b - - 0 52
ry66M,6k1/p3rp2/1p1R2p1/2pP3p/2P1q2P/2Qn2P1/PP6/2K2R2 w - - 1 29,c1b1 d3b4 b1a1 b4c2,1683,74,60,275,crushing discoveredAttack endgame queensideAttack short,https://lichess.org/VYKPNJIh#56,,"['d3b4', 'b1a1', 'b4c2']","[0.03966720402240753, 0.9301944375038147, 0.7039093375205994]","['d3f2', 'b1a1', 'b4c2']","[0.0034408678766340017, 0.990506112575531, 0.006052979733794928]","['d3b4', 'b1a1', 'b4c2']","['d3e1', 'b1c1', 'e1d3']","[0.5196441411972046, 0.9690283536911011, 0.8881657123565674]","[0.3087090253829956, 0.7782144546508789, 0.7577518820762634]","['d3b4', 'b1a1', 'b4c2']","[0.5196441411972046, 0.9690283536911011, 0.8881657123565674]",6k1/p3rp2/1p4p1/2pP3p/2P1q2P/2Qn2P1/PP1R4/1K3R2 b - - 2 29
t0n6c,2qk1b1r/6pp/5p2/2n1p1B1/1Q6/5P2/PP3P1P/R3K2R w KQ - 0 19,e1c1 c5d3 c1b1 f8b4,1806,76,95,12670,advantage discoveredAttack doubleCheck middlegame queensideAttack short,https://lichess.org/LPIqKhns#36,Sicilian_Defense Sicilian_Defense_Old_Sicilian,"['c5d3', 'c1b1', 'f8b4']","[0.06749852746725082, 0.8707146048545837, 0.7538314461708069]","['d8e8', 'c1b1', 'f8b4']","[0.007168477401137352, 0.9509115815162659, 0.04191993549466133]","['c5d3', 'c1b1', 'f8b4']","['c5d7', 'b4c3', 'c8c3']","[0.5983102917671204, 0.8423855304718018, 0.930114209651947]","[0.3320133090019226, 0.9751031994819641, 0.9092231392860413]","['c5d3', 'c1b1', 'f8b4']","[0.5983102917671204, 0.8423855304718018, 0.930114209651947]",2qk1b1r/6pp/5p2/2n1p1B1/1QR5/5P2/PP3P1P/2KR4 b - - 1 19
tgSWB,2rr3k/1p4pp/3q1p2/p2B4/P3P3/5Q2/1PP3P1/2K4R b - - 1 24,d6b4 h1h7 h8h7 f3h5,1362,76,80,170,endgame,https://lichess.org/vISgPkeR/black#47,,"['h1h7', 'h8h7', 'f3h5']","[0.015778755769133568, 1.0, 0.27566155791282654]","['f3h3', 'h8h7', 'f3h3']","[0.004032425116747618, 0.987457811832428, 0.008509739302098751]","['h1h7', 'h8h7', 'f3h5']","['f3f5', 'h7h6', 'h1h6']","[0.3263493478298187, 1.0, 0.8723675012588501]","[0.32370367646217346, 0.7964739799499512, 0.740504264831543]","['h1h7', 'h8h7', 'f3h5']","[0.3263493478298187, 1.0, 0.8723675012588501]",2rr3k/1p4pp/5p2/p7/Pq2P3/5Q2/1PP1B1P1/2K4R w - - 2 25
yNvcQ,r4rk1/1p2ppb1/3p2p1/3Rn2p/p3PB1P/5P2/PqP1Q1P1/1KN4R w - - 0 19,b1b2 e5c4 b2b1 c4a3,1535,76,98,341,middlegame,https://lichess.org/NLMGhc7K#36,,"['e5c4', 'b2b1', 'c4a3']","[0.09422843158245087, 1.0, 0.7525874376296997]","['e5c4', 'b2b1', 'c4a3']","[0.01427102368324995, 0.8667179942131042, 0.11901099234819412]","['e5c4', 'b2b1', 'c4a3']","['e5d3', 'b2b1', 'd3f4']","[0.582822322845459, 1.0, 0.8872745037078857]","[0.3335203230381012, 0.953224241733551, 0.8654272556304932]","['e5c4', 'b2b1', 'c4a3']","[0.582822322845459, 1.0, 0.8872745037078857]",r4rk1/1p2ppb1/3p2p1/3Rn2p/p3PB1P/5P1N/PKP1Q1P1/7R b - - 0 19
